geo,name,2000,2001,2002,2003,2004,2005,2006,2007,2008,2009,2010,2011,2012,2013,2014,2015,2016,2017,2018,2019,2020,2021
afg,Afghanistan,4.35615,4.38303,4.255,4.23829,4.23198,4.15528,4.01697,3.95192,3.86412,3.66025,3.58878,3.68337,3.63912,3.61291,3.54102,3.46069,3.46679,3.55563,3.55774,3.52831,3.49391,3.59542
ago,Angola,9.11515,8.47953,8.23169,8.8836,8.91894,8.32302,8.58974,7.99588,7.50081,7.24214,6.89468,6.95112,6.79033,6.87989,6.36027,6.55582,6.48586,6.4693,7.15116,7.52046,7.40921,8.11378
alb,Albania,4.7805,4.19208,4.28382,4.46889,4.44481,6.79668,6.88227,7.02967,7.09477,7.01951,6.76582,6.91202,4.49102,4.4986,4.25204,4.13076,4.02533,3.91351,3.82535,3.78342,3.35507,2.7547
are,UAE,2.44955,2.40854,2.27181,2.17363,2.16884,2.20869,2.20056,1.96796,2.13211,2.35056,2.54456,2.62402,2.67193,2.59969,2.46072,2.4676,2.37987,2.48125,2.51452,2.46284,2.37788,1.70659
arg,Argentina,9.16712,10.33128,10.31487,9.73933,8.74717,8.64306,8.61028,8.30691,8.66866,8.43997,8.54167,8.62889,9.28402,8.80696,9.52593,8.77289,8.40539,9.02866,9.32674,9.27967,8.1218,7.93811
arm,Armenia,3.54505,3.20517,3.60602,2.81176,3.92253,4.24662,6.03607,5.98469,4.83262,4.74026,6.8827,6.72146,7.56367,6.46843,6.3587,6.11294,6.00463,3.20991,2.32262,2.69734,2.17875,2.45847
atg,Antigua and Barbuda,2.04436,2.01303,1.38015,1.33483,1.81229,1.33919,0.46941,0.37551,0.28539,,,,,,0.46742,0.46916,0.58012,,,,0.77336,1.45599
aus,Australia,12.82553,13.03573,12.15223,11.07803,10.78504,11.66995,11.21219,11.49788,12.1038,11.64501,12.13409,11.56907,12.15989,11.92302,13.093,13.64481,12.5032,13.89943,13.40378,13.98477,13.03076,13.0757
aut,Austria,19.75339,18.50805,19.41328,17.98956,17.38307,17.22405,16.27586,15.97507,15.72352,15.8401,16.05188,16.26019,16.16859,16.09023,16.58685,16.06662,15.63208,15.49871,15.70386,14.58398,13.99738,14.51307
aze,Azerbaijan,2.47562,2.4963,2.58371,2.79872,2.82595,3.19253,3.15153,2.97173,3.01757,2.79799,2.7629,2.72642,2.49316,2.25876,2.12818,1.99577,1.90638,1.88532,1.79525,1.83292,3.23114,1.55886
bdi,Burundi,10.9303,10.31957,9.82127,9.36143,9.02145,8.41991,8.14947,7.66903,7.23824,7.28705,7.31448,7.20615,7.07416,7.04441,7.07799,6.88431,6.98255,6.97722,6.93862,6.88138,6.67431,7.65168
bel,Belgium,22.06645,22.25492,20.96137,21.44371,20.31948,20.66397,20.28559,18.73565,20.23714,20.56384,20.52935,21.21335,20.89961,19.61949,19.41666,18.60678,19.21829,18.40323,18.57659,18.1104,16.88794,18.36102
ben,Benin,6.69739,6.62124,6.84801,6.76671,6.79441,6.76492,6.74913,6.77424,7.01397,7.24243,7.36828,7.43514,7.42161,7.33748,7.29418,7.39121,7.31965,7.2571,7.20569,7.22707,6.89355,7.12388
bfa,Burkina Faso,9.03834,9.12591,8.85036,8.7698,8.68672,8.57446,8.56656,8.47183,8.57294,8.65043,8.69207,8.54921,8.94587,9.0009,8.86105,8.84057,8.82963,8.7624,8.64182,8.44706,8.30069,8.49869
bgd,Bangladesh,4.80534,4.66727,4.56558,4.39039,4.11511,4.23275,4.29861,4.10106,3.94317,3.91014,3.72001,3.28984,3.11671,3.02204,3.00749,2.96653,2.98126,3.08578,3.05875,3.08083,2.80967,2.81182
bgr,Bulgaria,18.22021,17.30853,17.32648,14.9748,14.17071,13.2427,13.29684,12.37329,13.05868,12.30299,12.39917,11.06691,12.63208,10.57558,10.56602,9.95401,9.71233,10.3488,9.72825,9.02124,10.03017,9.5109
bhr,Bahrain,10.84957,10.99441,10.25483,10.4627,10.17487,9.48312,7.44923,7.14905,6.7899,6.00112,5.60263,5.54955,5.78617,5.58608,5.61656,5.27012,5.82355,6.00125,5.97147,5.37217,5.47822,4.65901
bhs,Bahamas,3.50048,3.26657,3.03577,3.26934,3.43084,3.13026,3.34811,3.2337,3.29789,3.48192,3.83368,3.80774,3.58825,3.40142,3.58804,3.42045,3.65062,3.64566,3.44933,3.60855,3.10471,3.25253
bih,Bosnia and Herzegovina,10.98351,10.81049,10.83387,10.57336,10.45641,10.83119,10.69204,11.47947,10.78334,10.73002,10.46903,10.52957,10.26167,10.53006,10.39695,10.62754,10.52472,10.50516,10.40443,10.90849,9.76505,8.97169
blr,Belarus,39.50342,39.31091,40.31967,40.28691,40.36923,40.51841,37.47523,34.04988,36.28929,36.37466,34.16435,34.48311,28.49462,25.51476,23.6081,21.91611,20.88461,18.95358,18.66783,17.52073,16.27145,15.61154
blz,Belize,6.64297,5.53174,5.31765,5.53023,6.18588,4.91739,5.00569,4.58535,4.61415,5.87301,6.44526,6.74998,6.45533,6.2561,5.8434,5.71498,5.44839,6.25002,5.5768,5.02205,3.70021,4.17652
bol,Bolivia,6.54238,6.47186,6.48055,6.40855,6.36538,6.32857,6.10119,6.12492,6.00492,5.94043,5.75778,5.68198,5.43155,5.41439,5.49088,5.5943,5.58206,5.53512,5.40646,5.3483,4.791,4.19678
bra,Brazil,4.22831,4.70076,4.64604,4.65462,4.74457,4.98688,4.97019,5.17613,5.4103,5.41602,5.24882,5.47578,5.63524,5.79022,5.84628,6.10835,6.24754,6.88701,6.67905,6.70782,6.93194,7.59403
brb,Barbados,5.20142,4.71741,4.36062,4.91889,5.10222,5.12489,4.89508,4.38778,4.58142,4.31583,4.37445,4.28669,3.90596,4.13398,4.29346,4.04665,4.45293,3.90486,4.13796,4.79828,4.1366,3.5031
brn,Brunei,1.53023,1.10143,1.33427,1.36425,1.68911,1.79899,2.32517,1.99033,1.63862,1.32494,1.05052,1.42276,1.61254,1.31008,1.32003,1.37039,2.03629,2.47783,2.72247,2.49215,2.93366,3.04717
btn,Bhutan,5.70257,5.76235,5.63214,5.93237,5.88079,5.82788,5.78661,5.65076,5.56103,5.39225,5.15422,5.09801,5.18101,5.33471,5.43903,5.30101,5.24362,5.33831,5.01739,4.84207,5.07683,4.90384
bwa,Botswana,12.08191,11.75553,12.04675,11.1562,9.9265,9.37772,9.06527,11.48459,15.11223,16.68243,16.46464,15.36643,15.03075,14.09657,12.80985,11.06238,11.01005,10.76394,9.8158,8.98617,8.90835,8.35228
caf,Central African Republic,12.60821,12.01677,12.2038,11.32143,11.43077,10.74745,11.29942,11.01706,10.4394,10.65996,10.23942,11.44522,9.98758,10.46069,11.23381,10.47412,10.44016,11.0735,10.33212,9.45452,9.72903,9.18932
can,Canada,12.45292,12.78265,12.44839,13.09065,12.39094,12.86833,11.85839,12.17983,12.34484,12.83161,12.89314,12.02242,12.59646,12.85595,13.37575,13.42697,11.48604,11.82108,12.55595,12.68958,11.64402,9.44161
che,Switzerland,20.35451,19.7061,21.06964,18.70046,18.5527,18.97447,18.84826,19.46768,18.64478,15.90666,14.4912,14.66158,14.74814,15.10083,14.78048,15.04932,14.16106,14.40023,14.25457,14.22617,13.69128,14.02486
chl,Chile,10.64218,10.60289,9.84325,9.83697,10.26033,9.76216,10.11738,11.04426,12.29636,12.75519,11.71632,11.78649,10.6187,9.9488,10.13178,10.32085,10.29992,10.05989,9.52065,9.76857,8.25715,7.69217
chn,China,15.48632,15.13916,14.92854,15.01799,15.00788,14.22575,13.01763,12.17913,11.60985,11.10194,10.5835,9.97236,9.40869,9.07104,8.85845,8.68894,8.64643,8.6151,8.70276,8.74995,8.82397,8.94544
civ,Cote d'Ivoire,5.91792,5.83787,5.7075,5.64901,5.14748,5.17689,5.28979,5.48377,5.81245,6.68005,7.93357,8.49556,8.79113,8.92128,8.60057,8.05554,7.81853,7.68194,7.71251,7.75285,7.2953,7.39131
cmr,Cameroon,7.28897,7.89021,7.79093,7.87401,7.71486,7.8678,7.867,7.9478,8.0165,8.03975,8.11856,8.17724,8.31613,8.511,8.6441,8.4498,8.34884,8.19617,8.1412,8.22396,7.90893,8.49675
cod,"Congo, Dem. Rep.",7.75583,7.80216,7.8738,8.05852,8.02687,7.99442,7.94341,8.12491,8.21169,8.04038,8.08097,8.0762,8.08455,8.1264,8.1914,8.20353,8.37074,8.60365,8.67577,8.32886,8.15426,8.76967
cog,"Congo, Rep.",12.04382,10.6501,9.59354,8.9539,9.18856,8.94982,8.10855,8.13012,7.99058,8.25703,8.02551,7.74188,8.05718,7.62115,7.27611,6.71016,6.57815,6.57299,6.61644,7.05151,6.55757,6.7126
col,Colombia,5.1185,5.02459,4.72015,4.63194,4.56627,4.22417,4.24292,4.1761,4.22404,4.09505,3.89283,3.74925,3.81836,3.72119,3.79913,4.1312,4.30647,4.6226,5.03076,5.10852,4.81499,4.96183
com,Comoros,6.88526,6.70412,6.50053,6.18856,6.13142,5.88422,5.96602,5.85995,5.98458,5.78481,6.34741,5.99174,6.1397,6.13728,6.41728,6.3745,6.39468,6.27122,6.24889,6.17941,6.20777,5.9983
cpv,Cape Verde,12.24005,12.25566,12.45635,12.49133,12.58231,13.39105,13.09577,13.39163,13.78902,14.20845,14.5957,14.69084,14.90113,15.16346,15.0981,15.03121,14.7188,14.80315,14.45384,14.56408,13.68752,14.89953
cri,Costa Rica,5.96664,4.85734,6.5299,7.35533,7.62569,6.22886,7.94791,5.49687,5.35632,5.51308,6.51661,6.52225,6.22302,6.40485,5.35708,6.37212,6.82578,5.57746,7.52575,7.05556,6.36211,8.06209
cub,Cuba,17.27067,15.29657,14.74646,13.8135,13.95721,12.99461,12.74371,12.20633,12.85188,13.69175,14.36125,14.05083,13.74272,13.91141,13.42389,14.08077,13.3864,14.60222,14.07864,13.78525,14.6127,13.79297
cyp,Cyprus,1.92492,1.99216,2.0621,2.08412,0.89168,2.35992,3.31114,3.02343,5.98115,4.48803,5.21246,4.37319,5.73526,6.01158,5.70003,4.94825,5.06436,4.40648,5.56308,4.49963,3.86485,3.02316
cze,Czech Republic,16.33129,16.1834,15.36888,17.08558,16.44484,15.88425,14.56391,14.26369,14.24037,15.00882,15.09947,16.09259,16.69981,15.65171,14.82154,13.53684,13.03289,13.91021,13.58777,12.22676,12.72753,13.3261
deu,Germany,14.42063,14.46762,14.5597,14.36668,13.98991,13.28291,12.78166,12.37956,12.51751,12.73967,13.23492,13.24051,12.91978,13.4792,13.43862,13.30158,12.98511,12.53278,12.81935,12.48549,12.86718,12.90286
dji,Djibouti,5.2827,5.53074,5.98745,6.42788,6.58411,6.43302,6.21098,6.44785,5.97821,6.37678,6.31128,6.50062,6.75974,6.95293,7.5928,7.46982,7.85839,8.09011,8.21103,8.02438,7.88643,7.96391
dnk,Denmark,15.54266,15.77997,14.96765,13.6841,14.37172,14.70183,14.67629,12.73878,13.05614,12.71011,11.69273,12.43442,12.84222,12.06392,11.96759,11.02614,10.81534,11.17538,11.20116,11.41673,10.89756,10.45853
dom,Dominican Republic,4.13842,3.988,3.8925,3.93223,4.09626,4.33779,4.26687,4.20929,4.2389,4.26762,4.18051,4.23988,4.91477,5.29863,6.17769,6.43386,6.30167,6.69561,6.22488,5.82971,4.18059,4.19752
dza,Algeria,4.18385,3.96391,3.90528,3.61819,3.42989,3.32939,3.18608,3.04119,2.89893,2.73738,2.61397,2.54403,2.36058,2.30824,2.25687,2.16641,2.05819,2.04169,2.0651,2.04704,1.7078,2.18144
ecu,Ecuador,5.55363,5.68612,5.44818,6.17132,6.93972,8.34281,7.75214,8.4769,8.21725,8.51268,7.98604,8.2468,8.17757,5.86651,6.59375,8.38176,8.8261,8.94836,8.47194,8.52041,7.59058,7.55903
egy,Egypt,0.9123,0.94194,0.95667,0.94514,0.94703,0.93826,0.92167,0.90092,0.90497,0.91633,0.93253,0.98708,1.04281,1.03928,0.97721,0.96905,0.94387,0.8905,0.8878,0.90855,0.78511,0.62968
eri,Eritrea,14.25839,13.53204,13.60187,12.78038,12.95307,13.05618,13.11047,12.99917,13.1801,13.65288,13.53885,13.35941,13.14359,13.3606,13.06611,13.03929,12.92557,13.05044,13.17851,13.00138,12.87004,13.22532
esp,Spain,8.55059,8.01921,8.32951,8.47114,8.46393,8.01394,7.51773,7.38466,7.78349,7.64115,7.01394,7.10121,7.74195,8.50057,8.59512,7.9663,7.90032,8.11662,7.79132,8.09842,8.62427,8.71558
est,Estonia,29.27199,30.18285,28.20872,26.5525,25.5467,22.54202,20.88112,21.57974,19.64838,22.09618,18.28701,17.58982,19.44204,18.14727,19.22522,15.72634,15.04698,17.88733,15.7828,15.61,17.53942,14.9382
eth,Ethiopia,7.25995,7.11921,6.88513,6.67325,6.46498,6.22979,6.03425,5.90089,5.79379,5.66867,5.56935,5.5353,5.43828,5.07589,4.99789,5.20544,5.32901,5.36654,5.55282,5.67306,5.67605,6.06812
fin,Finland,24.13205,24.30542,22.16437,21.85381,21.31424,19.95885,21.1038,19.67572,20.55969,20.32926,18.62935,17.73648,16.85444,17.20118,15.52453,14.08667,15.28915,15.7142,15.67292,14.37568,14.13805,14.57026
fji,Fiji,10.4718,10.15221,9.93481,9.6317,9.21966,9.49302,9.14473,9.28304,9.43765,9.67186,9.69125,9.83894,9.97176,10.0161,9.73382,9.40249,9.36657,9.62857,9.55056,9.44895,9.41553,8.26638
fra,France,20.31598,19.57477,19.89597,20.17817,19.53027,19.17332,18.45781,18.03096,18.26131,18.42889,18.22902,18.04467,17.13303,16.98259,15.66243,15.57142,14.62787,14.77871,15.17084,15.04709,16.25226,16.58226
fsm,"Micronesia, Fed. Sts.",21.46408,21.24975,20.80843,20.68179,21.89443,22.51853,22.30576,21.96402,21.94841,21.86309,21.83946,22.26473,22.31812,21.99852,20.04666,20.40291,20.29236,20.38948,20.45729,20.52312,19.12179,19.76217
gab,Gabon,9.2709,8.85306,8.46702,8.36248,8.15643,9.03606,9.20004,8.64142,8.75282,9.1818,9.12335,9.18342,8.88221,8.8181,9.84697,9.69019,9.4206,9.27929,9.25182,8.85584,7.42438,7.29744
gbr,UK,8.50554,8.23348,8.2725,7.98613,8.20447,7.89911,7.82666,7.54235,8.04813,7.94318,7.79764,8.33251,8.26811,8.73821,8.45223,8.6211,8.25014,7.97743,9.15679,9.39161,8.90109,9.54807
geo,Georgia,3.03096,2.49115,3.5286,2.85111,4.77241,2.1577,1.77706,2.5641,3.48635,4.88562,3.21217,2.59294,2.68288,4.04231,5.45763,5.57732,4.55327,4.349,6.99743,7.33209,5.7398,5.09907
gha,Ghana,3.40864,3.65752,3.87809,4.13882,4.38076,4.46527,4.54906,4.48774,4.80323,5.14943,5.19652,5.36389,5.37225,5.43474,5.45957,5.48241,5.48078,5.5282,5.34212,5.28584,5.07626,5.31674
gin,Guinea,4.15065,4.2402,4.4245,4.49533,4.54754,4.45833,4.66118,4.77808,4.83999,4.87487,5.15134,5.09544,5.11379,5.11499,5.09051,5.03897,4.96412,4.99781,4.97705,5.01974,5.0269,4.81861
gmb,Gambia,4.65647,4.72232,4.93097,5.00039,5.00012,4.85004,4.65589,4.63742,4.69011,4.67535,4.50707,4.76419,4.83096,4.84553,4.86774,4.90057,4.88378,4.91429,4.90718,5.01773,4.888,4.81185
gnb,Guinea-Bissau,8.25013,8.1913,7.76514,7.32662,7.5073,7.38542,7.35256,7.26766,7.30077,7.26995,7.20604,7.16803,7.01653,7.03011,7.11114,7.15146,7.15256,7.17573,7.09957,7.37828,7.75487,7.66672
gnq,Equatorial Guinea,9.50653,8.42566,7.79946,7.73325,7.30724,7.11833,6.69104,6.40294,6.6496,6.66982,6.68472,6.85549,6.76247,6.2021,6.13239,6.54682,7.08937,7.23484,7.5904,7.71436,7.40743,7.03379
grc,Greece,3.39333,2.95487,2.85711,3.2972,3.1012,3.51439,3.47555,2.91315,3.30634,3.48544,3.39642,4.30582,4.6951,4.92821,5.29706,4.93624,4.5958,4.9974,5.39442,5.0763,4.42128,4.68187
grd,Grenada,2.16832,0.34306,3.71817,2.84946,5.6155,4.07475,6.34072,2.21173,3.40525,1.43721,1.53784,1.73632,1.87399,1.37703,0.5953,0.64032,0.85185,0.46767,0.08482,1.01043,1.07611,1.29933
gtm,Guatemala,9.31754,9.82424,9.43203,9.52819,9.59026,9.024,8.76577,6.67842,6.63717,6.25131,5.72732,4.80351,4.59779,4.92547,5.09492,5.45676,5.55241,5.92351,5.6133,5.88081,5.07649,4.93708
guy,Guyana,26.73652,29.74205,29.03842,28.77535,27.42772,26.71512,26.93126,26.87388,26.29669,28.46454,28.76764,29.10793,30.78425,33.31514,33.63714,33.24269,34.25037,32.0139,29.04904,27.63678,29.53009,24.7829
hnd,Honduras,3.30932,3.33127,3.36437,3.41431,3.33727,3.36501,3.28957,3.29051,3.15781,3.07002,3.02535,2.91401,5.41184,5.32902,5.63647,6.50331,2.93374,3.00207,3.02048,3.05047,2.92278,2.97347
hrv,Croatia,20.48619,19.56753,19.3732,19.64328,19.94916,20.02136,18.21881,17.74121,18.17778,18.13606,18.03196,16.31171,18.25789,16.33877,17.03359,17.36524,16.18941,15.48488,16.76124,14.90735,14.66505,15.68231
hti,Haiti,8.29851,8.05067,8.09059,8.07797,7.81945,7.88518,7.74374,7.82857,7.77522,7.91632,7.88018,7.83591,8.0995,8.15118,8.08037,8.12927,7.87751,8.03652,8.44156,8.59588,7.8924,7.81419
hun,Hungary,33.25955,29.70375,28.52005,27.99245,27.45538,26.35011,24.92857,24.94953,25.34425,25.29546,25.55878,25.23176,25.03962,22.29974,20.59593,20.00866,18.81508,17.41688,17.75372,16.65305,18.2193,16.45273
idn,Indonesia,2.15073,2.15688,2.13892,2.09256,2.03343,1.99752,1.95872,1.93755,1.90274,1.85721,1.81948,1.76444,1.73812,1.67092,1.62009,1.60126,1.59463,1.5864,1.58481,1.59538,1.38052,1.20441
ind,India,15.92825,15.09715,15.13863,15.02607,15.40209,15.67832,15.85648,15.85695,15.796,15.68411,15.90145,15.8515,15.88392,15.68177,15.12361,14.63077,14.62498,14.86996,14.31066,13.97581,13.01168,12.55596
irl,Ireland,12.44777,12.91592,11.97068,11.96402,11.63941,11.88746,11.11525,11.37269,12.14848,14.03496,12.08278,12.71167,12.37385,11.11957,10.88164,9.43213,9.63231,8.47365,9.28607,8.06805,8.61922,8.54697
irn,Iran,6.03132,5.87381,5.68971,5.09924,5.20131,4.91784,4.82758,5.4107,5.27992,5.09509,4.95862,4.84257,4.51781,4.68493,4.92606,4.66372,4.72463,4.49977,4.32845,4.26941,3.39861,4.07296
irq,Iraq,4.1287,4.0571,3.99225,3.87104,3.85979,3.75662,3.6321,3.56408,3.57634,3.59247,3.5685,3.58092,3.51282,3.47893,3.26378,3.33941,3.30774,3.31044,3.27872,3.24821,2.85882,2.97457
isl,Iceland,13.3022,12.81535,12.15693,12.45397,12.49465,11.74926,12.73474,15.46237,15.79153,14.54155,12.93827,11.53047,13.51987,13.88397,15.54124,13.97098,11.80661,10.94813,9.35885,11.97822,12.93643,11.90903
isr,Israel,6.83097,6.44898,5.70146,6.38388,6.05875,6.93011,5.57961,5.26767,5.28849,5.97566,6.71163,5.62561,6.02593,5.0944,4.97681,4.50715,5.13065,5.07023,5.35702,5.02806,5.07892,4.36692
ita,Italy,7.67099,7.49081,7.56616,7.45377,7.21857,6.76471,6.77013,6.7484,6.99131,7.09689,6.99936,7.46356,7.6461,7.60343,7.30192,7.19882,6.61627,7.05931,6.8916,6.77386,6.77354,6.99128
jam,Jamaica,1.03848,1.04382,0.97136,0.87941,0.79307,1.52516,0.74105,2.67385,2.64725,1.71429,1.00952,1.50751,1.03973,1.03996,1.04036,1.62994,1.60517,1.68279,1.64708,1.68756,1.5558,1.69309
jor,Jordan,2.19692,2.07182,2.00886,1.90306,1.87994,1.69817,1.43626,1.19562,1.15632,1.0531,0.98157,0.88333,0.86937,0.83907,0.82786,0.8008,0.82302,0.789,0.76084,0.76609,0.66113,0.60397
jpn,Japan,24.11656,23.40088,24.05374,25.80502,24.31267,24.55621,24.09354,25.18944,24.61537,25.12402,24.30885,23.51967,21.8026,21.54294,20.23438,19.30353,17.67081,17.18637,16.87458,16.46701,17.15891,17.43069
kaz,Kazakhstan,33.38664,33.80271,33.10754,34.81899,37.15552,36.01421,34.7599,34.78676,32.25034,28.79662,28.05307,26.57325,25.34302,24.64273,22.3735,21.597,19.94293,18.87167,18.55992,18.79648,16.98852,14.5977
ken,Kenya,4.54403,4.46448,4.74532,4.64424,4.73375,4.87323,5.01128,5.3267,5.47977,5.63032,5.88479,5.67291,5.24311,5.18634,4.70949,5.05755,4.97695,5.68998,6.52881,6.45365,5.59437,4.58158
kgz,Kyrgyz Republic,13.44558,13.03667,13.31831,12.71773,12.3214,12.46127,12.17201,11.92012,11.57743,11.41565,11.32188,11.4672,11.23081,10.44516,10.11166,10.02129,9.04868,9.07566,8.82454,8.59989,6.93339,6.80154
khm,Cambodia,4.08647,4.19611,3.90372,3.98017,4.13978,4.29602,4.36865,4.54371,4.54641,4.49409,4.55577,4.47787,4.55109,4.47434,4.43712,4.44556,4.45115,4.44295,4.44374,4.46227,4.33209,4.49979
kir,Kiribati,19.07996,18.97331,18.85192,18.22001,18.29708,19.30058,18.56333,20.04052,20.67286,20.41029,20.35242,20.96387,20.4666,20.97559,20.41069,20.26919,20.71162,19.63335,19.12485,19.80322,18.60214,17.46706
kor,South Korea,15.06061,16.13849,19.55961,24.89728,26.20925,27.5784,24.45415,27.55385,29.28994,35.11739,34.91559,35.49158,31.01331,31.2071,29.35107,28.22538,27.05891,25.60603,28.28214,28.44276,27.15565,27.5297
kwt,Kuwait,3.18976,3.73381,4.52096,4.0115,3.79749,3.40938,2.77227,1.51671,1.56862,1.44382,1.34186,1.12794,1.32096,1.35431,1.44191,1.91362,1.84543,1.89997,1.81291,1.89963,2.19277,2.30511
lao,Lao,5.70002,5.66562,5.42914,5.09066,4.98093,5.21331,5.09114,4.84629,5.14924,4.99949,4.95592,4.87394,4.80878,4.74933,4.77934,4.68867,4.63148,4.5775,4.57256,4.55274,3.96366,4.57814
lbn,Lebanon,0.94389,0.91104,0.88597,0.87477,0.86348,0.86506,0.86011,0.8509,0.84901,0.84198,0.83513,0.84316,0.84812,0.85214,0.83294,0.81188,0.75896,0.74275,0.69677,0.69501,0.79036,0.70191
lbr,Liberia,5.10193,4.98547,5.21139,4.87203,5.22903,4.9542,5.07396,5.07413,5.18836,5.48844,5.79656,6.13353,6.02234,5.87555,5.75231,5.79848,5.82739,5.95319,5.87288,5.87271,5.88944,5.96626
lby,Libya,4.63144,5.27797,4.82143,4.91389,4.46868,4.27791,3.63584,4.13919,4.65787,5.13278,5.22098,6.55494,4.36312,3.83447,5.74654,5.91996,5.61871,6.28815,6.4872,5.94651,4.96354,5.0049
lca,St. Lucia,7.28107,7.31416,6.76336,7.10064,6.61529,6.68321,6.88706,6.46219,6.50933,6.67189,7.55759,6.86995,8.19965,7.3899,7.44044,7.71562,7.44038,7.10668,6.93358,7.22977,7.33712,5.26623
lka,Sri Lanka,38.89828,33.75726,29.9527,28.1905,25.17738,25.40251,24.14022,22.03011,21.22991,18.99176,17.33741,18.15215,17.08322,16.00481,15.02821,14.79542,15.10393,15.19743,15.4559,15.94353,12.4353,14.74318
lso,Lesotho,12.67766,11.43311,12.62254,14.76835,15.533,17.15904,19.01457,21.38585,16.41876,15.8151,25.99457,27.34052,21.71384,24.13548,27.95616,27.87277,26.72669,26.06679,27.88441,28.76971,33.37877,28.66132
ltu,Lithuania,50.40488,47.386,47.57504,45.7027,43.82399,43.2113,35.40331,34.50852,38.15835,39.25703,37.47441,38.31856,35.08015,40.76936,35.50723,34.49336,32.33963,29.52678,27.40435,26.32802,24.51666,22.12234
lux,Luxembourg,15.0642,15.77208,15.14166,15.05935,11.56676,12.86431,14.13839,13.45985,13.02526,11.02429,11.68707,11.99006,11.29294,11.27582,12.57068,12.34262,10.22213,9.955,10.07447,11.15993,9.68683,8.22451
lva,Latvia,34.82475,32.29328,31.60169,29.36922,26.96057,26.72268,23.2163,20.95137,26.53947,26.42033,22.72206,22.77686,23.62347,20.75467,20.91631,21.67794,21.04376,21.03604,18.05919,17.16161,18.00622,15.20641
mar,Morocco,4.51196,4.32454,4.27914,4.46339,4.3466,4.3886,4.25095,3.94132,3.95662,4.05889,3.99806,3.96639,3.88718,3.80357,3.68292,3.56739,3.46054,3.31578,3.24597,3.2159,2.90119,2.91303
mda,Moldova,19.1606,21.15954,19.84562,20.86923,20.53984,21.73711,21.81001,19.15313,20.93022,21.25054,21.8059,15.49002,16.70908,15.99261,16.17504,14.8717,14.76423,13.55233,13.07096,12.68467,11.61623,14.14252
mdg,Madagascar,5.8102,5.86413,5.99668,5.99355,6.10799,6.19731,6.17696,6.04434,5.98241,5.91925,5.94367,5.95194,5.81206,5.81881,5.92155,5.79989,5.89052,5.88353,5.91633,5.95713,6.30069,6.09028
mdv,Maldives,2.91572,2.86675,2.79848,2.7954,2.33781,2.44964,2.64479,2.65446,2.78058,2.77505,2.71265,2.71652,2.76682,2.59403,2.67245,2.52868,2.6189,2.39659,2.04242,2.51266,1.93177,1.46855
mex,Mexico,3.70327,3.95287,4.00473,4.10963,4.11297,4.24198,4.06369,4.11636,4.40103,4.66245,4.48942,5.25541,4.87101,5.212,5.6623,5.61447,5.51418,5.6711,5.80491,6.15305,6.35756,6.95021
mkd,North Macedonia,7.44519,9.9584,7.74422,7.1859,8.50982,6.84288,7.79518,7.4204,7.41848,7.70915,5.67794,5.9738,8.06239,7.73339,6.36082,5.40863,5.87543,5.32349,5.45782,5.01671,5.21406,5.78062
mli,Mali,4.03012,4.09237,4.06795,3.9856,3.95741,3.92852,3.94227,4.05937,4.12896,4.18868,4.14051,4.13769,4.23385,4.22939,4.20213,4.24772,4.20898,4.19735,4.12485,4.03248,4.05298,4.15653
mlt,Malta,6.79623,7.27655,5.61955,5.42751,5.65892,5.50232,6.3761,5.45529,6.38159,7.05912,7.61123,7.06012,6.06015,7.06222,7.05488,7.02705,6.00854,5.18167,5.00605,5.94768,5.68855,6.46708
mmr,Myanmar,3.93345,3.86758,3.87943,3.82949,3.84268,3.79453,3.74821,3.64069,3.52723,3.37726,3.28665,3.22997,3.19228,3.14169,3.1393,3.1212,3.10042,3.04358,3.0535,3.06289,2.89326,2.89401
mne,Montenegro,16.14034,15.50965,15.92822,15.57341,15.81339,15.73073,15.6866,14.70522,14.39695,14.38059,13.88874,14.21247,13.80622,13.19941,13.09046,12.95542,12.71647,13.32827,13.53986,14.131,15.19571,11.30898
mng,Mongolia,16.24362,16.20293,15.79672,17.1376,17.68401,18.23755,18.10361,18.12202,18.50017,18.97503,19.92252,22.16592,21.19126,19.42509,18.29529,18.62585,18.4824,17.89559,17.14657,17.32934,18.83673,18.49847
moz,Mozambique,6.5014,6.27612,6.35734,6.26354,6.28278,6.45021,6.87594,7.5819,8.12136,8.60645,9.09861,9.34193,9.29657,9.83586,10.65095,10.93427,11.91953,12.47961,12.46407,11.59363,10.79211,10.60589
mrt,Mauritania,2.73414,2.76211,2.7282,2.66945,2.68132,2.63939,2.65504,2.52659,2.50116,2.59425,2.62934,2.64307,2.80884,2.8138,2.77928,2.72537,2.75425,2.76289,2.75073,2.7497,2.67444,2.70782
mus,Mauritius,12.13652,10.19024,11.57241,7.86258,8.4228,9.20918,9.74297,10.67822,6.9779,9.49376,7.90704,9.62241,9.95467,8.48474,10.5352,8.35834,8.33394,9.45738,8.97651,9.76227,11.40563,10.52019
mwi,Malawi,7.49018,7.32472,7.28033,7.62285,7.33395,7.50441,7.75426,7.53846,6.89672,6.777,6.60035,6.55134,6.47455,6.43828,6.36457,6.49302,6.62969,6.85283,6.96398,7.265,7.06831,7.56846
mys,Malaysia,4.40479,4.24652,4.19379,4.37,4.3729,4.27961,4.17195,4.12271,4.27854,4.38871,4.37965,4.36273,4.18383,4.12231,4.29978,4.78968,4.89433,5.06245,5.23726,5.35123,4.2624,5.65403
nam,Namibia,9.71476,9.76891,10.35765,10.56929,10.45009,10.344,9.95185,9.46106,9.20793,8.60731,8.50303,8.99648,8.77899,8.9114,9.62436,9.51883,8.01852,8.87481,8.27959,8.29863,8.36008,8.58905
ner,Niger,3.87437,3.98391,3.9145,3.99644,3.89726,4.05004,4.00665,4.10093,3.95808,4.06219,4.13454,4.27352,4.40495,4.48351,4.52197,4.51543,4.49207,4.4995,4.51222,4.54444,4.33445,4.476
nga,Nigeria,5.27441,5.37127,5.21205,5.17918,5.25833,5.07689,5.19516,5.19221,5.12899,5.20091,5.07549,4.93606,4.80876,4.67057,4.62194,4.45754,4.42833,4.35548,4.43682,4.40652,4.55586,4.99334
nic,Nicaragua,7.58793,6.61419,6.47199,6.9726,6.55791,6.22637,5.53554,5.85924,5.9338,5.81908,5.44997,6.19658,5.05056,5.75493,5.17952,4.72137,4.84826,4.97558,5.27495,4.6513,3.64802,4.24405
nld,Netherlands,9.52017,9.54865,9.96007,9.55124,9.64783,9.78626,9.58047,8.44638,8.96719,9.41683,9.8338,10.07376,10.72222,11.82571,11.62603,11.78067,11.83357,11.92674,11.27898,11.04973,11.0635,11.50394
nor,Norway,12.8306,12.79765,11.44342,11.57316,12.09697,12.11945,12.0002,10.91227,11.09834,12.51781,11.83676,13.00432,10.98259,11.43241,11.21858,11.92389,12.22729,11.7468,13.3477,12.57468,12.52131,13.18888
npl,Nepal,9.91652,9.63566,9.48113,9.44918,9.40889,9.52778,9.63619,9.57065,9.31709,9.66769,10.08013,10.41773,10.23671,10.64692,10.64528,10.63209,10.35958,10.58115,10.5975,10.55694,9.80303,10.13987
nzl,New Zealand,12.55887,13.85446,12.39253,13.70136,12.69654,12.9851,13.1615,12.27085,12.35442,11.45687,12.54098,11.38828,12.62726,12.09812,11.68981,11.94135,12.46966,12.83187,11.73025,11.81099,11.34768,11.92408
omn,Oman,2.33135,2.3258,2.12461,2.16427,2.03754,2.02879,1.9782,1.76286,1.65562,1.02303,1.81458,1.95312,2.04768,1.94972,2.0441,1.68874,1.81415,1.91201,2.04916,2.00213,1.20818,0.90892
pak,Pakistan,6.94797,6.87361,6.97881,6.80361,6.97934,7.03046,7.00611,6.85945,6.86471,6.75686,6.33866,6.25616,6.4326,5.82132,6.33436,6.40597,6.38881,6.37343,6.2223,6.08986,5.43162,5.63959
pan,Panama,4.66208,5.0416,4.90596,5.67756,5.53658,4.79333,5.44672,4.83024,5.22334,4.79764,3.93727,3.90154,3.55103,3.39861,4.0473,2.75822,3.0949,3.02988,2.84992,2.55067,2.44702,3.28997
per,Peru,1.03733,1.20244,1.39534,1.27476,1.08392,0.77221,1.02384,1.56932,1.49525,0.60125,1.09394,2.13877,2.56605,1.29757,1.54291,0.96303,1.42041,1.40996,1.80437,2.19134,1.49976,1.5378
phl,Philippines,2.01074,1.72849,1.95617,2.23925,2.18514,2.39777,2.4431,2.33894,2.47649,2.81715,2.84764,3.17376,2.9162,2.81049,2.71519,3.14923,3.21507,3.25668,3.61263,3.04222,3.17072,3.49261
png,Papua New Guinea,1.73179,1.67571,1.73091,1.65439,1.65601,1.6758,1.68643,1.65152,1.62644,1.62614,1.70535,1.73348,1.7029,1.74766,1.9402,1.98613,1.99529,1.92225,1.98186,2.07129,1.6947,1.81787
pol,Poland,17.02595,17.24147,17.38252,17.09533,17.66739,17.79853,17.16361,15.77165,17.11567,19.23083,18.65998,18.07941,18.5716,18.24518,17.37237,15.8459,13.81248,13.25213,13.473,13.70163,13.87548,13.66797
prk,North Korea,8.54955,8.45139,8.50497,8.33119,8.24693,8.19445,8.27582,8.62205,9.1993,9.39625,9.81529,10.00569,9.96371,10.1524,10.28412,10.67795,10.69523,10.23987,9.84442,10.05149,9.28807,9.3083
prt,Portugal,7.4978,8.70696,12.32572,11.77992,10.54658,11.31183,11.39157,12.61327,13.03143,13.01322,13.57589,12.27264,13.50088,12.50468,14.23242,13.24754,11.37794,12.09575,11.83395,12.65944,12.08416,11.51811
pry,Paraguay,3.29878,3.20099,3.83222,3.66317,4.53353,4.58453,4.54866,4.27049,3.85899,4.97128,4.15494,5.31104,5.33195,5.58307,6.8054,6.54087,5.7792,6.23522,7.39451,7.92623,6.28132,6.35506
pse,Palestine,0.63085,0.63751,0.6619,0.63688,0.636,0.62506,0.58588,0.62861,0.59343,0.5506,0.52978,0.56972,0.66882,0.79776,0.92073,0.76045,0.64855,0.66039,0.68364,0.6561,0.64413,0.65115
qat,Qatar,13.18396,13.52316,13.27372,11.76252,10.79742,9.89612,9.44602,10.51667,10.20267,9.95335,9.46976,8.77523,8.1192,7.69091,7.61045,7.54283,7.68714,7.47676,7.28354,6.96413,5.27944,4.69762
rou,Romania,12.8063,12.1529,14.10143,13.43663,12.66141,12.1903,12.81709,11.48586,11.69771,12.20532,13.2047,12.11823,12.59581,12.23396,11.32713,11.5165,10.30511,10.09983,10.22121,9.17093,9.74429,9.62397
rus,Russia,53.05821,51.79269,50.71784,49.34872,47.43951,45.16576,41.4382,39.63375,38.38922,36.84133,35.78193,34.61356,33.60477,32.83412,32.61443,31.12448,30.19818,27.29849,25.89874,24.46898,21.01111,21.37479
rwa,Rwanda,13.46159,12.0059,10.9872,9.76146,8.64269,8.19518,7.94097,8.01257,7.91676,7.66386,7.62389,7.6057,7.63695,7.61582,7.75758,7.83679,7.9366,8.11099,8.12024,8.2857,7.8869,8.67783
sau,Saudi Arabia,2.30418,2.39506,2.44968,2.38147,2.27514,2.17244,2.06175,1.91167,1.75182,1.58724,1.38063,1.14865,0.97551,0.92749,0.96489,0.9012,0.91392,1.02754,1.10082,1.08913,1.05838,0.94924
sdn,Sudan,4.00908,3.95949,3.88395,3.78584,3.70746,3.63869,3.55777,3.52218,3.55182,3.77582,3.49129,3.6738,3.51074,3.68342,3.5479,3.50001,3.44658,3.47157,3.52787,3.39211,3.04151,3.16001
sen,Senegal,7.09045,6.52992,6.39267,6.76238,6.76745,6.734,6.64564,6.60515,6.96313,6.99158,6.79878,6.83831,7.00537,7.03675,7.19155,7.02461,7.05244,7.0026,6.92184,6.9848,6.84283,6.75828
sgp,Singapore,12.1858,11.31307,12.31037,11.9478,11.34592,10.91403,11.02241,10.41417,9.80875,10.27142,9.37521,8.77787,10.56658,9.82747,9.4332,8.7172,8.44327,8.4233,8.90328,8.42156,8.93807,8.09778
slb,Solomon Islands,17.40241,16.76361,17.47898,18.53177,16.6956,17.43873,17.601,19.98336,21.07332,20.97567,20.81399,20.8558,20.81111,20.6249,20.57858,20.52389,20.44922,20.48707,20.58612,20.42853,19.53711,19.59543
sle,Sierra Leone,4.63393,4.71338,5.03681,5.17056,5.30409,5.39622,5.37348,5.65506,5.77702,5.84951,5.96108,5.80419,5.85931,5.67825,5.48408,5.53488,5.8791,6.03288,6.16413,6.14359,5.40479,6.1385
slv,El Salvador,7.68272,7.52004,6.77642,7.14549,8.08247,9.35483,9.5497,8.94747,8.18559,9.62112,8.18308,8.91389,6.856,6.75198,8.24119,11.86312,10.17144,8.50328,7.30615,7.79919,7.43992,7.6348
som,Somalia,8.56162,8.59019,8.56196,8.48477,8.53916,8.44746,8.36532,8.21681,8.34589,8.43132,7.80312,6.85993,7.56505,8.11147,8.05274,8.00352,7.96969,7.96728,7.94606,7.92055,8.03942,7.96023
srb,Serbia,24.97489,23.32517,24.23363,22.71729,22.84065,21.92896,21.13201,20.23571,19.23797,20.94279,18.58695,19.30329,19.44123,19.03695,18.0868,17.11738,15.95949,16.25666,15.59923,15.74739,15.60946,15.14375
ssd,South Sudan,5.10583,4.76104,4.59214,4.69771,4.79515,4.75273,4.87234,4.89393,4.86889,4.96172,4.86777,4.85719,4.92556,5.15097,5.28185,5.58979,5.71744,5.90938,6.65402,7.24597,7.62659,7.88784
stp,Sao Tome and Principe,0.90799,0.91686,0.92227,0.89817,0.89551,0.8415,0.89779,0.87055,0.84204,0.84936,0.85257,0.81616,0.82287,0.83065,0.84762,0.8534,0.84635,0.84968,0.84107,0.86906,0.8251,0.85778
sur,Suriname,20.90049,22.60005,22.97566,23.29933,22.5287,22.6521,22.85019,23.05498,23.42341,22.74816,24.32262,23.8966,24.59099,24.30851,24.51474,26.12608,26.47199,25.8517,26.49866,26.32407,28.46851,22.26341
svk,Slovak Republic,14.28097,13.94573,14.71895,15.17401,13.99933,13.81827,14.74574,14.22444,12.84474,13.19024,13.74374,12.27515,12.65851,12.33667,12.97105,11.20828,9.49179,9.13623,10.22546,9.01833,9.36396,9.91209
svn,Slovenia,31.93393,30.65137,29.10168,29.65234,28.56948,26.94539,28.2137,23.03115,20.46595,22.23203,20.58065,21.67015,21.75835,22.16662,19.53672,20.99574,18.8064,20.42722,17.39916,19.34061,17.73742,18.85039
swe,Sweden,14.87415,15.94538,15.56698,14.48526,14.77314,15.72979,15.18824,14.63955,15.06096,15.69179,14.61155,14.0704,14.86043,15.77555,14.84044,15.14755,14.02348,14.4717,14.62831,14.59669,13.36228,13.84039
swz,Eswatini,12.531,13.91475,15.36489,16.37946,16.97239,17.39755,18.03951,18.67448,19.48466,19.07793,27.77101,19.31415,20.43069,21.52755,22.78172,24.36616,25.83757,28.86874,29.8537,28.12621,23.83279,27.22724
syc,Seychelles,8.91436,9.10093,8.34649,8.56808,8.90733,7.94454,7.76957,7.16924,7.4058,7.04274,7.3042,7.44434,7.28318,7.37936,7.65627,7.59679,7.85785,7.81958,7.90273,7.95874,6.61203,4.26616
syr,Syria,1.03937,0.97692,0.94035,0.82777,0.79117,0.74507,0.69714,0.6402,0.61533,0.58829,0.59097,0.59693,0.61393,0.64219,0.60806,0.61046,0.58126,0.59586,0.62167,0.61586,0.57465,0.58686
tcd,Chad,5.2996,5.23687,5.2492,5.04953,5.15971,5.3415,5.38075,5.40166,5.42757,5.51176,5.55698,5.48288,5.42288,5.35191,5.25757,5.14003,5.09091,5.12781,5.20704,5.26066,5.23237,5.21
tgo,Togo,8.32628,8.5001,8.65928,8.83705,8.78316,8.93965,9.02702,8.99465,9.33305,9.53902,9.63334,9.69205,9.68363,9.71723,9.77963,9.80746,9.97514,9.84298,9.80454,9.77121,9.37861,9.3404
tha,Thailand,11.488,11.54767,11.82967,11.48658,10.84935,9.31288,9.30568,9.35422,9.14727,8.87469,8.9335,9.18231,9.3586,9.5644,10.44576,11.06685,11.87246,12.19865,12.76035,13.55011,15.45787,16.58879
tjk,Tajikistan,3.66687,3.40427,3.22589,3.03342,2.99552,2.99727,2.95131,2.93997,2.89461,2.87053,2.85031,2.84604,2.8633,2.86644,2.87435,2.84359,2.8075,2.70203,2.66715,2.6116,2.21628,2.43202
tkm,Turkmenistan,10.35787,10.38191,10.82013,10.46559,10.92981,11.56626,11.53189,10.42422,9.53603,8.03385,7.51435,7.40285,7.27351,7.16154,7.4246,7.54551,7.30407,7.10914,6.98993,6.90403,6.51634,6.83115
tls,Timor-Leste,3.28607,3.21994,2.7975,3.09171,2.89377,2.98182,2.91761,3.14501,3.19219,3.88987,3.78439,3.81512,3.61549,3.61741,3.70857,3.54252,3.65698,3.52326,3.63043,3.80772,3.20412,3.55903
ton,Tonga,5.11516,5.06004,4.95804,4.95468,4.91276,4.80565,4.72906,4.83965,4.45395,4.68825,5.10591,5.00553,4.94763,4.9599,5.04118,5.02503,4.38102,4.73783,4.72266,4.64865,4.64757,4.73476
tto,Trinidad and Tobago,15.61088,15.07696,14.32751,12.59251,13.03064,11.48526,11.05945,11.23728,12.93911,11.67594,11.7463,11.20395,10.08981,11.60371,11.70799,11.83903,13.06255,13.516,13.65924,13.76243,14.05101,13.34411
tun,Tunisia,2.99553,3.02414,3.0451,2.99454,3.07527,3.05492,3.0125,2.95516,2.87171,2.95224,3.06351,2.72345,2.60473,2.60581,2.54872,2.59409,2.53196,2.63763,2.67142,2.58281,1.89499,1.84108
tur,Turkey,2.88209,2.66008,2.57856,2.72641,2.79122,2.845,2.90954,2.86908,2.90489,3.08322,3.10232,3.10776,3.18388,3.08527,3.22181,3.19375,3.34938,3.35897,3.38267,3.53792,2.98326,2.68963
tza,Tanzania,5.38798,5.23941,4.98607,4.8447,4.63491,4.61453,4.58091,4.51246,4.46405,4.41181,4.3606,4.2616,4.11078,4.01842,3.95943,4.02719,4.13232,3.77211,4.2486,4.48201,4.37459,5.10475
uga,Uganda,6.8407,7.05842,6.89893,6.84252,6.62858,6.29803,6.01793,5.62921,5.4968,5.30005,5.25097,5.32576,5.13244,4.9804,4.7738,4.5942,4.59982,4.49874,4.7375,5.13934,4.92631,5.498
ukr,Ukraine,36.0638,33.33294,32.48522,31.25677,29.78368,30.66804,28.68635,29.07975,28.40204,26.02403,24.74637,23.91006,24.29951,24.08658,25.49807,22.41221,21.34309,21.81332,23.52519,23.29315,22.11994,21.2133
ury,Uruguay,16.35352,14.70045,20.17076,15.86947,15.51202,14.97091,15.71476,17.61313,15.20431,15.10594,16.08079,16.88841,17.95451,15.99094,17.58193,18.73129,21.27741,20.98869,23.22348,23.39972,22.76936,24.75191
usa,USA,11.16949,11.54827,11.86803,11.76274,11.92313,11.82548,11.96196,12.30993,12.64782,12.81935,13.19888,13.44278,13.66573,13.69739,14.09547,14.41543,14.62768,15.19367,15.43839,15.10978,14.95539,15.63139
uzb,Uzbekistan,14.93896,14.63954,14.48929,13.60696,12.99641,13.60773,12.89942,12.46597,12.08099,11.58948,11.26862,11.10294,11.49873,11.41575,11.64799,12.25373,12.321,11.68589,10.72278,10.13994,8.57769,8.34328
vct,St. Vincent and the Grenadines,5.68775,5.00772,6.25888,5.63113,5.12796,9.95496,6.19952,8.44643,4.30999,2.66296,3.143,5.7054,5.5991,3.90791,1.23586,2.63591,0.51349,,,0.31733,0.31574,0.40885
ven,Venezuela,6.60273,6.79336,6.46814,6.81973,6.30082,5.93934,5.92768,5.80853,5.96943,5.94241,6.04574,6.23055,6.1816,5.90103,5.67129,6.12156,10.49116,8.06986,7.44927,7.17318,7.32795,8.6286
vnm,Vietnam,5.83393,5.88468,5.93661,5.92656,6.01949,6.1202,6.21767,6.4307,6.64656,6.82401,7.02543,7.10574,7.2187,7.32346,7.48169,7.63707,7.60317,7.4709,7.46774,7.5327,6.83413,7.29977
vut,Vanuatu,17.35038,17.28019,17.21848,17.20046,17.02496,16.91109,17.43786,17.29628,17.06835,17.24357,16.92154,17.11311,17.22586,16.9732,16.44325,16.38968,16.19634,16.1926,16.15189,16.14624,15.33878,15.72844
wsm,Samoa,11.99567,11.78158,11.57705,11.27683,10.72258,10.99423,10.9988,10.96182,11.13823,9.41768,11.43225,11.77292,11.88414,11.24864,12.72858,13.02345,13.28815,13.1126,12.97878,12.90103,11.97106,11.99624
yem,Yemen,5.82139,5.80351,5.71998,5.45207,5.14777,5.29749,5.01825,5.48046,5.47452,5.32235,5.17014,4.97581,4.88272,4.83012,4.84423,4.70619,4.86431,4.73069,4.57719,4.32991,3.93434,4.21206
zaf,South Africa,13.13252,13.24567,14.59887,15.75987,16.07498,15.63631,16.0996,15.96085,16.84226,16.40786,18.77949,17.29479,18.18049,18.69734,20.07204,20.74465,19.58416,18.18689,19.15265,20.14031,21.09958,22.2958
zmb,Zambia,6.83814,6.62811,6.73618,6.00324,6.25438,6.00339,6.34241,6.2141,6.10809,5.86049,6.00275,5.89317,5.76236,5.7991,5.64977,5.70469,5.53026,5.6357,5.51735,5.75766,6.00485,7.12591
zwe,Zimbabwe,12.34936,13.17091,13.98509,14.50857,14.4131,13.80665,13.64041,13.20617,13.55515,12.36363,13.56081,14.26713,14.20988,14.28075,14.05916,14.48262,15.0832,15.12277,16.11169,15.83853,15.50532,17.34344
